session,method,status,error,global_episodes,ready_observed_s,global_active_s,global_active_fraction,drive_ready_s,drive_active_s,drive_active_fraction,pre_onset_ready_s,pre_onset_active_s,winning_pair_changes_during_alarm,independent_pair_episodes,pair_starts_during_existing_global_alarm,onset_window_pair_starts,onset_window_starts_during_global_alarm,near_float32_threshold_values
t_0.2-none,rgb,complete,,3,12.255765914916992,2.781738758087158,0.22697388130605453,2.010078191757202,1.9304430484771729,0.960382066923271,,,51,162,155,,,0
t_0.2-none,evs,complete,,2,12.302999999999997,0.3460000000000001,0.02812322197837927,2.010078191757202,0.3460000000000001,0.172132607288042,,,3,10,7,,,0
test_01,rgb,complete,,1,11.282811403274536,2.514566659927368,0.2228670293290183,2.010030508041382,1.9188177585601807,0.9546212114113228,7.346723289489746,1.4285273265838623,48,224,212,26,26,0
test_01,evs,complete,,4,11.329999999999998,1.4960000000000004,0.13203883495145638,2.010030508041382,0.8415894699096675,0.4186948738055379,7.37729903793335,0.48629903793334894,27,98,93,8,7,0
test_05,rgb,complete,,1,8.86913537979126,2.4150538444519043,0.2722986786237041,2.010045289993286,1.9211418628692627,0.9557704358371346,5.6702556324005124,1.4118976306915283,41,228,227,49,49,0
test_05,evs,complete,,2,8.917,1.138,0.12762139733094088,2.010045289993286,0.6061483306884767,0.30155953883531716,5.700904098510742,0.0990000000000002,27,93,90,33,32,0
test_11,rgb,complete,,1,10.879039287567139,2.195960760116577,0.2018524524151853,1.9983792304992676,1.9141480922698975,0.9578502733896378,8.485328884124756,1.5792078685760498,47,211,191,62,62,0
test_11,evs,complete,,4,10.927,1.029000000000007,0.09417040358744459,1.9983792304992676,0.779926322937019,0.3902794379734247,8.516986099243164,0.4840000000000053,24,100,94,52,51,0
test_14,rgb,complete,,1,6.203001976013184,2.212850332260132,0.3567386147573635,2.010021209716797,1.9109857082366943,0.9507291261398897,3.8479640197753904,1.517339677810669,45,227,212,55,55,0
test_14,evs,complete,,3,6.250000000000001,1.0650000000000013,0.1704000000000002,2.010021209716797,0.808164102554322,0.4020674501579955,3.878518072128296,0.4145180721282966,44,81,77,43,43,0
