variant,session,sensor,background_max,background_samples,post250_max,post250_samples
current,t_0.2-none,rgb,0.6486545135187527,728,,
density_ema20ms,t_0.2-none,rgb,0.6509005189074738,728,,
row_excess_ema20ms,t_0.2-none,rgb,0.6186661803671554,728,,
horizontal_pair,t_0.2-none,rgb,0.41036635637283325,728,,
square_2x2,t_0.2-none,rgb,0.31014305353164673,728,,
rgb_floor_0.05,t_0.2-none,rgb,0.5112052268944248,728,,
rgb_floor_0.10,t_0.2-none,rgb,0.21267767390187065,728,,
rgb_floor_0.20,t_0.2-none,rgb,0.0705420577300888,728,,
rgb_floor_0.40,t_0.2-none,rgb,0.006881368165093905,728,,
current,t_0.2-none,evs,0.22757893736646734,12304,,
density_ema20ms,t_0.2-none,evs,0.03523663722684008,12304,,
row_excess_ema20ms,t_0.2-none,evs,0.023956602679049307,12304,,
horizontal_pair,t_0.2-none,evs,0.08468735218048096,12304,,
square_2x2,t_0.2-none,evs,0.0782657191157341,12304,,
current,test_01,rgb,0.5555544312589012,439,0.43081362275257623,15
density_ema20ms,test_01,rgb,0.5629297749672605,439,0.5922915967990622,15
row_excess_ema20ms,test_01,rgb,0.5486418025422745,439,0.5037696326910404,15
horizontal_pair,test_01,rgb,0.5555544495582581,439,0.43081361055374146,15
square_2x2,test_01,rgb,0.18754345178604126,439,0.1866367757320404,15
rgb_floor_0.05,test_01,rgb,0.41906871680061586,439,0.3471735670765861,15
rgb_floor_0.10,test_01,rgb,0.1962110852696355,439,0.18037605298276022,15
rgb_floor_0.20,test_01,rgb,0.06489474262111111,439,0.05874762461980923,15
rgb_floor_0.40,test_01,rgb,0.00894697483131652,439,0.005377293410335062,15
current,test_01,evs,0.19685131487368007,7378,0.45621457260684,250
density_ema20ms,test_01,evs,0.051562721862108106,7378,0.08892022465012646,250
row_excess_ema20ms,test_01,evs,0.03964573308138867,7378,0.07923983444228659,250
horizontal_pair,test_01,evs,0.07737009227275848,7378,0.45621457695961,250
square_2x2,test_01,evs,0.05489002913236618,7378,0.1783137023448944,250
current,test_05,rgb,0.5543316151771943,339,0.6499969316799801,15
density_ema20ms,test_05,rgb,0.3951020566085517,339,0.6989220304727741,15
row_excess_ema20ms,test_05,rgb,0.35750489029172616,339,0.5110519147027924,15
horizontal_pair,test_05,rgb,0.4301519989967346,339,0.4192555546760559,15
square_2x2,test_05,rgb,0.2073444128036499,339,0.3623533844947815,15
rgb_floor_0.05,test_05,rgb,0.26066330717833813,339,0.5136388065533393,15
rgb_floor_0.10,test_05,rgb,0.10287025586143235,339,0.22195624120000784,15
rgb_floor_0.20,test_05,rgb,0.02392714361417698,339,0.08247370524835931,15
rgb_floor_0.40,test_05,rgb,0.0,339,0.009294211594922983,15
current,test_05,evs,0.07324018281326289,5701,0.4245048147744739,250
density_ema20ms,test_05,evs,0.031547967379650356,5701,0.09295496390931779,250
row_excess_ema20ms,test_05,evs,0.014628790471931464,5701,0.0665150259427775,250
horizontal_pair,test_05,evs,0.07324018329381943,5701,0.424504816532135,250
square_2x2,test_05,evs,0.014371939934790134,5701,0.20504255592823029,250
current,test_11,rgb,0.6773283055006137,507,0.46011065122485584,15
density_ema20ms,test_11,rgb,0.5810202837118292,507,0.751789287379174,15
row_excess_ema20ms,test_11,rgb,0.5660696846531847,507,0.6658202402779747,15
horizontal_pair,test_11,rgb,0.4836479425430298,507,0.4601106643676758,15
square_2x2,test_11,rgb,0.20627744495868683,507,0.2778093218803406,15
rgb_floor_0.05,test_11,rgb,0.5215596489164697,507,0.30190243827901186,15
rgb_floor_0.10,test_11,rgb,0.22280682979317595,507,0.21230246318522866,15
rgb_floor_0.20,test_11,rgb,0.0734766283141102,507,0.09280964001976573,15
rgb_floor_0.40,test_11,rgb,0.007442713689915153,507,0.018165976874418895,15
current,test_11,evs,0.19230167236074,8517,0.5301767620217244,250
density_ema20ms,test_11,evs,0.03555605592650699,8517,0.36969426249712545,250
row_excess_ema20ms,test_11,evs,0.024050268768478184,8517,0.36165056930053735,250
horizontal_pair,test_11,evs,0.08335813134908676,8517,0.5301767587661743,250
square_2x2,test_11,evs,0.03761633113026619,8517,0.3255156874656677,250
current,test_14,rgb,0.6302220690715523,230,0.5602392134078212,16
density_ema20ms,test_14,rgb,0.5282296052957749,230,0.7392864025558048,16
row_excess_ema20ms,test_14,rgb,0.5006655339557613,230,0.6552924290483327,16
horizontal_pair,test_14,rgb,0.3833675980567932,230,0.4272671937942505,16
square_2x2,test_14,rgb,0.1934044361114502,230,0.2207854986190796,16
rgb_floor_0.05,test_14,rgb,0.5141275393563047,230,0.422909969471315,16
rgb_floor_0.10,test_14,rgb,0.22779853133935757,230,0.2737651237760037,16
rgb_floor_0.20,test_14,rgb,0.07820293122483979,230,0.10864811097054194,16
rgb_floor_0.40,test_14,rgb,0.010312317202565466,230,0.02518875656825851,16
current,test_14,evs,0.21700242486160148,3879,0.47529265383924596,250
density_ema20ms,test_14,evs,0.04765900279890075,3879,0.19721845405687974,250
row_excess_ema20ms,test_14,evs,0.03412111621074182,3879,0.18432100177542246,250
horizontal_pair,test_14,evs,0.08221591264009476,3879,0.4666626453399658,250
square_2x2,test_14,evs,0.03317198157310486,3879,0.4300064146518707,250
