variant,sensor,background_max,weakest_post250_peak,ratio,amplitude_separable_in_these_windows
current,evs,0.22757893736646734,0.4245048147744739,1.8653080099890766,True
current,rgb,0.6773283055006137,0.43081362275257623,0.6360484557546456,False
density_ema20ms,evs,0.051562721862108106,0.08892022465012646,1.7245060275895028,True
density_ema20ms,rgb,0.6509005189074738,0.5922915967990622,0.9099571740904651,False
horizontal_pair,evs,0.08468735218048096,0.424504816532135,5.012611749006558,True
horizontal_pair,rgb,0.5555544495582581,0.4192555546760559,0.7546615007933454,False
rgb_floor_0.05,rgb,0.5215596489164697,0.30190243827901186,0.578845466489228,False
rgb_floor_0.10,rgb,0.22779853133935757,0.18037605298276022,0.7918227212538486,False
rgb_floor_0.20,rgb,0.07820293122483979,0.05874762461980923,0.7512202381635162,False
rgb_floor_0.40,rgb,0.010312317202565466,0.005377293410335062,0.5214437555312317,False
row_excess_ema20ms,evs,0.03964573308138867,0.0665150259427775,1.6777347969888436,True
row_excess_ema20ms,rgb,0.6186661803671554,0.5037696326910404,0.814283451524814,False
square_2x2,evs,0.0782657191157341,0.1783137023448944,2.2783116843431293,True
square_2x2,rgb,0.31014305353164673,0.1866367757320404,0.6017764177104039,False
