session,sensor,window,samples,p50,p95,max,peak_from_drive_s,tile_a,tile_b
t_0.2-none,rgb,all,728,0.0,0.3223586419355484,0.6486545135187527,1.6201915740966797,137,157
t_0.2-none,rgb,drive,119,0.21435412977705215,0.6112686807230313,0.6486545135187527,1.6201915740966797,137,157
t_0.2-none,evs,all,12304,0.0,0.014500348842259227,0.22757893736646734,1.8501789627075205,140,160
t_0.2-none,evs,drive,2008,0.006760011681432263,0.1568590375793509,0.22757893736646734,1.8501789627075205,140,160
test_01,rgb,all,674,0.0,0.41001594654273993,0.5946173319249782,1.9854884147644043,78,79
test_01,rgb,drive,119,0.28166695102983946,0.5171214104156988,0.5946173319249782,1.9854884147644043,78,79
test_01,rgb,pre_onset,439,0.0,0.3732424270063739,0.5555544312589012,1.013075590133667,208,209
test_01,rgb,drive_pre_onset,90,0.2661566842266997,0.509690732213096,0.5555544312589012,1.013075590133667,208,209
test_01,rgb,onset_0_100ms,5,0.2528871443872436,0.28242708317154996,0.286955780655736,1.6335539817810059,96,97
test_01,rgb,onset_0_250ms,14,0.2658741276092262,0.4213909137156863,0.43081362275257623,1.7842979431152344,207,208
test_01,evs,all,11331,0.0,0.3879691474835161,0.5314544817935603,2.1634410381317135,189,190
test_01,evs,drive,2008,0.023577412937588364,0.445660521275201,0.5169453818565102,1.9784410381317148,184,185
test_01,evs,pre_onset,7378,0.0,0.0585698372345011,0.19685131487368007,1.444441038131714,140,160
test_01,evs,drive_pre_onset,1518,0.015258550192335452,0.16204806999269333,0.19685131487368007,1.444441038131714,140,160
test_01,evs,onset_0_100ms,98,0.01101468765425832,0.02618230159038523,0.030880634078339547,1.6494410381317142,160,180
test_01,evs,onset_0_250ms,248,0.16576600459549623,0.4352118978279339,0.45621457260684,1.782441038131715,181,182
test_05,rgb,all,530,0.0,0.41551009357201024,0.6499969316799801,1.6647863388061523,141,161
test_05,rgb,drive,119,0.2929272739969605,0.5652347183046607,0.6499969316799801,1.6647863388061523,141,161
test_05,rgb,pre_onset,339,0.0,0.36736972566110426,0.5543316151771943,1.432267665863037,137,157
test_05,rgb,drive_pre_onset,89,0.23392866211175506,0.42361792727360453,0.5543316151771943,1.432267665863037,137,157
test_05,rgb,onset_0_100ms,5,0.48410899469765756,0.5280501352635387,0.5315698831761186,1.6147410869598389,141,161
test_05,rgb,onset_0_250ms,14,0.5472349854368747,0.6338012189396816,0.6499969316799801,1.6647863388061523,141,161
test_05,evs,all,8918,0.0,0.36455759779546215,0.5132476856587983,1.9488969593048093,192,193
test_05,evs,drive,2008,0.018741984185658568,0.45280612706289003,0.5132476856587983,1.9488969593048093,192,193
test_05,evs,pre_onset,5701,0.0,0.03007469863910416,0.07324018281326289,0.1258969593048107,167,168
test_05,evs,drive_pre_onset,1498,0.00820304725287619,0.04500052352066577,0.07324018281326289,0.1258969593048107,167,168
test_05,evs,onset_0_100ms,98,0.06071821578080605,0.1829179114629469,0.18574653292194923,1.6258969593048107,178,198
test_05,evs,onset_0_250ms,248,0.21401731301084284,0.40605217787268894,0.4245048147744739,1.7518969593048084,196,197
test_11,rgb,all,650,0.0,0.4255756676186009,0.6773283055006137,1.4922876358032227,140,160
test_11,rgb,drive,119,0.2809963411893172,0.49486693798504966,0.6773283055006137,1.4922876358032227,140,160
test_11,rgb,pre_onset,507,0.0,0.3824506152675683,0.6773283055006137,1.4922876358032227,140,160
test_11,rgb,drive_pre_onset,99,0.2701596546736199,0.5260382555013963,0.6773283055006137,1.4922876358032227,140,160
test_11,rgb,onset_0_100ms,5,0.19265785255467732,0.2837488187554695,0.28494549829596993,1.777226448059082,207,208
test_11,rgb,onset_0_250ms,14,0.39790829186802695,0.459570431622732,0.46011065122485584,1.861250877380371,183,184
test_11,evs,all,10928,0.0,0.1567048281821006,0.5301767620217244,1.8054529075622554,180,181
test_11,evs,drive,1996,0.01863227355275593,0.4294379654722288,0.5301767620217244,1.8054529075622554,180,181
test_11,evs,pre_onset,8517,0.0,0.047133960133267844,0.19230167236074,1.4844529075622575,140,160
test_11,evs,drive_pre_onset,1661,0.010779800390843447,0.15430754101848237,0.19230167236074,1.4844529075622575,140,160
test_11,evs,onset_0_100ms,98,0.27145090348719214,0.472520358655717,0.4873223442330899,1.7924529075622573,180,181
test_11,evs,onset_0_250ms,248,0.41453681188965696,0.509854100302688,0.5301767620217244,1.8054529075622554,180,181
test_14,rgb,all,371,0.0,0.41474357454919397,0.6739010292037353,1.6295576095581055,140,160
test_14,rgb,drive,118,0.3033205061817,0.4957061034028195,0.6739010292037353,1.6295576095581055,140,160
test_14,rgb,pre_onset,230,0.0,0.3723053527880567,0.6302220690715523,1.6080224514007568,140,160
test_14,rgb,drive_pre_onset,95,0.265481901960501,0.42270848244784676,0.6302220690715523,1.6080224514007568,140,160
test_14,rgb,onset_0_100ms,6,0.39644817445193653,0.4642783565256326,0.4766154072599064,1.6594569683074951,140,160
test_14,rgb,onset_0_250ms,15,0.3930428843679674,0.4420716652039397,0.4766154072599064,1.6594569683074951,140,160
test_14,evs,all,6251,0.0,0.4005267934641911,0.47529265383924596,1.8018571071624763,174,194
test_14,evs,drive,2008,0.01733038878217018,0.441753907467585,0.47529265383924596,1.8018571071624763,174,194
test_14,evs,pre_onset,3879,0.0,0.07510569603621836,0.21700242486160148,1.6138571071624757,140,160
test_14,evs,drive_pre_onset,1614,0.01093278657496538,0.11431273836146545,0.21700242486160148,1.6138571071624757,140,160
test_14,evs,onset_0_100ms,98,0.3096916720401674,0.41985355700789045,0.42914321077834194,1.7438571071624764,176,177
test_14,evs,onset_0_250ms,248,0.41716675717401347,0.4624608315619393,0.47529265383924596,1.8018571071624763,174,194
