session,sensor,threshold,candidates,before_onset,before_guard,first_from_drive_s,onset_from_drive_s,first_recording_relative_s,first_minus_onset_ms,tile_a,tile_b,ax,ay,bx,by
t_0.2-none,rgb,0.65,0,,,,,,,,,,,,
test_01,rgb,0.65,0,0,0,,1.5497400760650635,,,,,,,,
test_05,rgb,0.65,0,0,0,,1.5308010578155518,,,,,,,,
test_11,rgb,0.65,1,1,1,1.4922876358032227,1.69343900680542,17.681901454925537,-201.15137100219727,140,160,0,224,0,256
test_14,rgb,0.65,1,1,0,1.6295576095581055,1.6463751792907715,10.845309019088745,-16.817569732666016,140,160,0,224,0,256
t_0.2-none,evs,0.25,0,,,,,,,,,,,,
test_01,evs,0.25,1,0,0,1.6884410381317139,1.5497400760650635,14.78799295425415,138.7009620666504,180,181,0,288,32,288
test_05,evs,0.25,1,0,0,1.6978969593048099,1.5308010578155518,12.939008237838745,167.09590148925813,196,197,512,288,544,288
test_11,evs,0.25,1,0,0,1.7404529075622577,1.69343900680542,17.930066726684572,47.01390075683776,180,181,0,288,32,288
test_14,evs,0.25,1,0,0,1.686857107162476,1.6463751792907715,10.902608516693116,40.48192787170457,176,177,512,256,544,256
