session,method,status,samples,ready_samples,threshold_s,candidates,drive_candidates,drive_ready_seconds,drive_active_seconds,first_candidate_from_drive_s,rgb_first_visible_from_drive_s,first_candidate_minus_onset_ms,candidates_before_guard,candidates_onset_to_250ms,max_score_s,pre_onset_max_score_s,onset_to_250ms_max_score_s
t_0.2-none,rgb,complete,741,741,0.19765397027910442,0,0,2.010078191757202,0.0,,,,,,0.09882698513955221,,
t_0.2-none,evs,complete,12506,12506,0.06090278921343967,0,0,2.010078191757202,0.0,,,,,,0.030451394606719834,,
test_01,rgb,complete,687,687,0.19765397027910442,3,2,2.010030508041382,0.2763645648956299,0.25882530212402344,1.5497400760650635,-1290.91477394104,1,0,0.44875245261666347,0.2886608074319382,0.15259534149036788
test_01,evs,complete,11533,11533,0.06090278921343967,1,1,2.010030508041382,0.3455894699096689,1.664441038131713,1.5497400760650635,114.70096206664948,0,1,0.4091808800994356,0.041573198978050487,0.21845499241098656
test_05,rgb,complete,543,543,0.19765397027910442,0,0,2.010045289993286,0.0,,1.5308010578155518,,0,0,0.19093701472872388,0.19093701472872388,0.10081547776281347
test_05,evs,complete,9120,9120,0.06090278921343967,1,1,2.010045289993286,0.3741483306884774,1.6358969593048087,1.5308010578155518,105.09590148925696,0,1,0.3974411729393726,0.01497506932613502,0.19201130469716488
test_11,rgb,complete,663,663,0.19765397027910442,2,2,1.9983792304992676,0.32979345321655273,0.2517204284667969,1.69343900680542,-1441.718578338623,1,1,0.43841778155816336,0.25783714175524686,0.36315232637448336
test_11,evs,complete,11130,11130,0.06090278921343967,1,1,1.9983792304992676,0.2919263229370124,1.7064529075622552,1.69343900680542,13.013900756835284,0,1,0.3665991248814146,0.039257686823571065,0.3665991248814146
test_14,rgb,complete,384,384,0.19765397027910442,1,1,2.010021209716797,0.06693840026855469,0.2835862636566162,1.6463751792907715,-1362.7889156341553,1,0,0.23612584002109688,0.23612584002109688,0.08532114202942283
test_14,evs,complete,6453,6453,0.06090278921343967,1,1,2.010021209716797,0.3331641025543206,1.6768571071624763,1.6463751792907715,30.481927871704784,0,1,0.32666854120693434,0.03894573670682185,0.306697755721635
