session,phase,method,complete,command_coverage,evaluation_seconds,start_from_drive_s,end_from_drive_s,samples,observed_score_seconds,score_coverage_fraction,threshold,above_threshold_seconds,above_threshold_fraction,episodes,episodes_per_second,p50,p95,p99,p99_9,max
t_0.1-none,pre_drive,rgb,True,True,1.0,-1.0,0.0,58,0.9528322219848633,0.9528322219848633,0.001,0,0.0,0,0.0,3.446691176470588e-05,6.893382352941176e-05,7.71484375e-05,8.009535845588238e-05,8.042279411764706e-05
t_0.1-none,drive,rgb,True,True,10.019976615905762,0.0,10.019976615905762,594,9.993964672088623,0.9974039915646263,0.001,9.442791223526001,0.9448493699300387,25,2.501509743157346,0.003940716911764706,0.013659237132352942,0.018580135569852958,0.02339708180147069,0.024936810661764706
t_0.1-none,pre_drive,evs,True,True,1.0,-1.0,0.0,998,0.9970399208068841,0.9970399208068841,20.0,0,0.0,0,0.0,0.0,1.0,1.0,2.0,2.0
t_0.1-none,drive,evs,True,True,10.019976615905762,0.0,10.019976615905762,10018,10.017016536712646,0.9997045822254298,20.0,3.5000165367126588,0.3494070838243104,571,57.00300063469687,10.0,137.0,242.82999999999993,388.86400000001595,571.0
t_0.1-none_01,pre_drive,rgb,True,True,1.0,-1.0,0.0,59,0.9783437252044678,0.9783437252044678,0.001,0,0.0,0,0.0,4.5955882352941176e-05,6.376378676470585e-05,8.191636029411768e-05,9.091222426470601e-05,9.191176470588235e-05
t_0.1-none_01,drive,rgb,True,True,10.020171403884888,0.0,10.020171403884888,596,9.992311477661133,0.997219615802884,0.001,8.890116691589355,0.8896957136958901,50,5.003847219112442,0.004015395220588235,0.01423483455882353,0.018824965533088236,0.022486960018382365,0.022575827205882353
t_0.1-none_01,pre_drive,evs,True,True,1.0,-1.0,0.0,998,0.9970376548767099,0.9970376548767099,20.0,0,0.0,0,0.0,0.0,1.0,1.0,2.0,2.0
t_0.1-none_01,drive,evs,True,True,10.020171403884888,0.0,10.020171403884888,10018,10.017209058761598,0.9997043618313614,20.0,3.6822090587616376,0.3675883209745909,579,57.800530727026704,11.0,155.14999999999964,288.8299999999999,569.7790000000259,930.0
t_0.1-none_02,pre_drive,rgb,True,True,1.0,-1.0,0.0,59,0.9768996238708496,0.9768996238708496,0.001,0,0.0,0,0.0,2.8722426470588235e-05,4.5955882352941176e-05,5.170036764705882e-05,5.170036764705882e-05,5.170036764705882e-05
t_0.1-none_02,drive,rgb,True,True,10.009926795959473,0.0,10.009926795959473,596,9.984415292739868,0.9974513796414672,0.001,9.28200078010559,0.9296489086201136,28,2.804370529374925,0.004064223345588236,0.011147173713235294,0.015083007812499986,0.021450884650735847,0.025258501838235293
t_0.1-none_02,pre_drive,evs,True,True,1.0,-1.0,0.0,998,0.9979409065246578,0.9979409065246578,20.0,0,0.0,0,0.0,0.0,1.0,1.0,2.0030000000001564,3.0
t_0.1-none_02,drive,evs,True,True,10.009926795959473,0.0,10.009926795959473,10008,10.00786770248413,0.9997942948517692,20.0,3.5780000000000154,0.35751871491185805,583,58.25416735427958,10.0,142.0,256.0,378.9790000000012,571.0
t_0.2-none,pre_drive,rgb,True,True,1.0,-1.0,0.0,59,0.9769389629364014,0.9769389629364014,0.001,0,0.0,0,0.0,3.446691176470588e-05,5.80193014705882e-05,7.134650735294118e-05,7.434512867647064e-05,7.467830882352942e-05
t_0.2-none,drive,rgb,True,True,2.010078191757202,0.0,2.010078191757202,119,1.9812300205230713,0.9856482343062923,0.001,1.9304430484771729,0.974365938573609,1,0.5047369511067608,0.027326516544117645,0.043986672794117644,0.04955330882352941,0.0514367532169118,0.05167738970588235
t_0.2-none,pre_drive,evs,True,True,1.0,-1.0,0.0,998,0.9978210372924821,0.9978210372924821,20.0,0,0.0,0,0.0,0.0,1.0,1.0,3.0,3.0
t_0.2-none,drive,evs,True,True,2.010078191757202,0.0,2.010078191757202,2008,2.007899229049684,0.998915981121305,20.0,1.815899229049677,0.9043776713381784,21,10.45869219738635,95.5,416.2999999999997,701.6000000000013,2087.5660000000103,2306.0
t_0.2-none_01,pre_drive,rgb,True,True,1.0,-1.0,0.0,59,0.9775440692901611,0.9775440692901611,0.001,0,0.0,0,0.0,2.8722426470588235e-05,6.893382352941176e-05,7.37591911764706e-05,7.97564338235295e-05,8.042279411764706e-05
t_0.2-none_01,drive,rgb,True,True,1.9999182224273682,0.0,1.9999182224273682,118,1.97407865524292,0.9870796881119039,0.001,1.917799949645996,0.9714911533806142,1,0.5065654285578328,0.028472541360294118,0.0448101447610294,0.05128779871323529,0.05422146714154415,0.05457835477941177
t_0.2-none_01,pre_drive,evs,True,True,1.0,-1.0,0.0,998,0.9974033412933352,0.9974033412933352,20.0,0,0.0,0,0.0,0.0,1.0,1.0,2.0,2.0
t_0.2-none_01,drive,evs,True,True,1.9999182224273682,0.0,1.9999182224273682,1998,1.9973215637207034,0.9987016175573853,20.0,1.8813215637207037,0.9419222211851008,15,7.5100576053749215,113.0,464.14999999999986,800.0199999999991,2050.6990000000364,2409.0
t_0.2-none_02,pre_drive,rgb,True,True,1.0,-1.0,0.0,59,0.9750220775604248,0.9750220775604248,0.001,0,0.0,0,0.0,3.446691176470588e-05,6.318933823529412e-05,6.318933823529412e-05,6.318933823529412e-05,6.318933823529412e-05
t_0.2-none_02,drive,rgb,True,True,2.0199649333953857,0.0,2.0199649333953857,119,1.989710807800293,0.9850224500955874,0.001,1.9226288795471191,0.9662855888452776,1,0.5025855999171764,0.029400275735294117,0.04580824908088235,0.04963476562499999,0.05107038143382355,0.05122357536764706
t_0.2-none_02,pre_drive,evs,True,True,1.0,-1.0,0.0,998,0.9972823600769036,0.9972823600769036,20.0,0,0.0,0,0.0,0.0,1.0,1.0,2.0,2.0
t_0.2-none_02,drive,evs,True,True,2.0199649333953857,0.0,2.0199649333953857,2018,2.017247293472291,0.9986546103458704,20.0,1.8612472934722906,0.9226668933923924,27,13.384576143624342,108.5,418.2999999999997,947.3199999999997,1739.6940000000031,2147.0
test_01,pre_drive,rgb,True,True,1.0,-1.0,0.0,59,0.9819748401641846,0.9819748401641846,0.001,0,0.0,0,0.0,1.1488970588235294e-05,3.446691176470588e-05,4.262408088235295e-05,4.5622702205882395e-05,4.5955882352941176e-05
test_01,drive,rgb,True,True,2.010030508041382,0.0,2.010030508041382,119,1.9857821464538574,0.9879363216177487,0.001,1.9188177585601807,0.9662780793888899,1,0.5035799127239442,0.030290670955882355,0.055941521139705866,0.06500448069852939,0.0660948414522059,0.06615923713235294
test_01,brake,rgb,True,True,1.0005888938903809,2.010030508041382,3.0106194019317627,59,0.9747743606567383,0.9742006598401534,0.001,0.7711067199707031,0.7910617585911703,1,1.0258784395254983,0.010994944852941177,0.0664895450367646,0.08730974264705883,0.09124993106617653,0.09168772977941177
test_01,pre_drive,evs,True,True,1.0,-1.0,0.0,998,0.9975589618682861,0.9975589618682861,20.0,0,0.0,0,0.0,0.0,0.0,1.0,1.0,1.0
test_01,drive,evs,True,True,2.010030508041382,0.0,2.010030508041382,2008,2.007589469909668,0.9987855716010537,20.0,1.8645894699096637,0.9287702978406045,16,7.969756884967087,152.5,1622.9999999999973,2442.2000000000025,3662.8250000000044,4103.0
test_01,brake,evs,True,True,1.0005888938903809,2.010030508041382,3.0106194019317627,999,0.998178363800049,0.9975908886206407,20.0,0.7710000000000026,0.7724070446336043,5,5.009124803071347,382.0,2910.8999999999974,7331.259999999998,9762.630000000021,10077.0
test_02,pre_drive,rgb,True,True,1.0,-1.0,0.0,59,0.9775934219360352,0.9775934219360352,0.001,0,0.0,0,0.0,5.744485294117647e-06,2.2977941176470588e-05,3.68795955882353e-05,3.987821691176475e-05,4.021139705882353e-05
test_02,drive,rgb,True,True,2.0200371742248535,0.0,2.0200371742248535,119,1.991727352142334,0.9859854945029005,0.001,1.9413015842437744,0.974682394232162,1,0.5020767520837548,0.028969439338235294,0.05417566636029412,0.06125723805147056,0.06766508501838248,0.06841681985294118
test_02,brake,rgb,True,True,1.0000848770141602,2.0200371742248535,3.0201220512390137,59,0.9796979427337646,0.9796147959548569,0.001,0.6367723941802979,0.6499680834313463,1,1.0207227721736194,0.011787683823529412,0.09034294577205879,0.10853745404411765,0.10886730238970589,0.10890395220588235
test_02,pre_drive,evs,True,True,1.0,-1.0,0.0,998,0.997818443298339,0.997818443298339,20.0,0,0.0,0,0.0,0.0,0.0,1.0,3.0030000000001564,4.0
test_02,drive,evs,True,True,2.0200371742248535,0.0,2.0200371742248535,2018,2.0178556175231925,0.9989200413093892,20.0,1.904855617523193,0.9439999576685765,14,6.938058341946306,150.5,1547.7499999999966,2821.1499999999996,3570.5580000000045,3687.0
test_02,brake,evs,True,True,1.0000848770141602,2.0200371742248535,3.0201220512390137,998,0.9979404945373531,0.9978557995165278,20.0,0.629999999999999,0.6313001661407357,2,2.0041275115578943,444.0,5876.849999999999,10568.079999999987,13947.861000000044,14234.0
test_04,pre_drive,rgb,True,True,1.0,-1.0,0.0,59,0.9759373664855957,0.9759373664855957,0.001,0,0.0,0,0.0,1.1488970588235294e-05,2.8722426470588235e-05,3.1135110294117656e-05,3.41337316176471e-05,3.446691176470588e-05
test_04,drive,rgb,True,True,2.000241279602051,0.0,2.000241279602051,118,1.9703426361083984,0.9850524815188292,0.001,1.902517318725586,0.9655768919883023,1,0.5075259407546947,0.029118795955882355,0.04903923483455881,0.062417221966911754,0.06451761833639708,0.06463120404411765
test_04,brake,rgb,True,True,1.0097486972808838,2.000241279602051,3.0099899768829346,59,0.9842591285705566,0.9747565223119702,0.001,0.9046170711517334,0.9190842582943703,1,1.015992609032038,0.025494025735294117,0.08021599264705882,0.10155583639705883,0.10156183363970588,0.1015625
test_04,pre_drive,evs,True,True,1.0,-1.0,0.0,998,0.99711513710022,0.99711513710022,20.0,0,0.0,0,0.0,0.0,0.0,1.0,1.0,1.0
test_04,drive,evs,True,True,2.000241279602051,0.0,2.000241279602051,1998,1.9973564167022708,0.9985577425437626,20.0,1.8803564167022682,0.9414225728459745,15,7.509926558208226,138.0,1081.0,2112.18,2684.132000000007,2852.0
test_04,brake,evs,True,True,1.0097486972808838,2.000241279602051,3.0099899768829346,1008,1.0071051139831546,0.9973819393826919,20.0,0.902000000000001,0.8956364012814341,5,4.96472506253566,870.0,3978.3,8469.88,10326.922000000026,10572.0
test_05,pre_drive,rgb,True,True,1.0,-1.0,0.0,58,0.966428279876709,0.966428279876709,0.001,0,0.0,0,0.0,5.744485294117647e-06,1.809512867647058e-05,2.2977941176470588e-05,2.2977941176470588e-05,2.2977941176470588e-05
test_05,drive,rgb,True,True,2.010045289993286,0.0,2.010045289993286,119,1.9879958629608154,0.9890303829758262,0.001,1.9373767375946045,0.9745376103092984,1,0.5030191554376039,0.031870404411764704,0.060602022058823514,0.06811017922794114,0.07695766314338252,0.07803883272058823
test_05,brake,rgb,True,True,1.009943962097168,2.010045289993286,3.019989252090454,59,0.9858546257019043,0.9761478484952356,0.001,0.46982264518737793,0.47656381878096454,1,1.0143483368940167,2.8722426470588235e-05,0.06112419577205881,0.06634466911764707,0.07094455422794124,0.07145565257352941
test_05,pre_drive,evs,True,True,1.0,-1.0,0.0,998,0.9971030406951904,0.9971030406951904,20.0,0,0.0,0,0.0,0.0,0.0,1.0,2.0,2.0
test_05,drive,evs,True,True,2.010045289993286,0.0,2.010045289993286,2008,2.0071483306884765,0.9985587591885459,20.0,1.8341483306884783,0.9138080642297836,28,13.950139893445572,209.0,1345.6499999999999,2069.370000000001,3013.3620000000387,3364.0
test_05,brake,evs,True,True,1.009943962097168,2.010045289993286,3.019989252090454,1008,1.0070922927856447,0.9971764083765582,20.0,0.484,0.48059150434092074,1,0.9929576535969437,1.0,3128.249999999999,5666.16,7845.748000000006,8024.0
test_06,pre_drive,rgb,True,True,1.0,-1.0,0.0,58,0.9758813381195068,0.9758813381195068,0.001,0,0.0,0,0.0,5.744485294117647e-06,2.8722426470588235e-05,3.1192555147058825e-05,3.41394761029412e-05,3.446691176470588e-05
test_06,drive,rgb,True,True,2.009593963623047,0.0,2.009593963623047,120,2.0034220218658447,0.9969287617952062,0.001,1.907184362411499,0.9519633614865046,1,0.49914595581248083,0.02607709099264706,0.04751551011029411,0.05320094209558823,0.06262620059742663,0.06389016544117647
test_06,brake,rgb,True,True,1.0000016689300537,2.009593963623047,3.0095956325531006,59,0.979215145111084,0.9792135108722267,0.001,0.7544169425964355,0.7704302229831761,1,1.0212260349451174,0.020111443014705882,0.061584903492647024,0.08171564797794122,0.09608803998161784,0.09768497242647059
test_06,pre_drive,evs,True,True,1.0,-1.0,0.0,998,0.9974767951965333,0.9974767951965333,20.0,0,0.0,0,0.0,0.0,1.0,1.0,2.0,2.0
test_06,drive,evs,True,True,2.009593963623047,0.0,2.009593963623047,2008,2.00707075881958,0.99874442058986,20.0,1.859070758819584,0.9262606964155865,23,11.459486367848339,129.0,724.9499999999996,1965.540000000005,3154.5170000000116,3414.0
test_06,brake,evs,True,True,1.0000016689300537,2.009593963623047,3.0095956325531006,998,0.9970724277496341,0.9970707637082709,20.0,0.7680000000000007,0.770254977096655,1,1.002936168094602,888.0,2442.8999999999987,6083.949999999998,9088.234000000011,9166.0
test_07,pre_drive,rgb,True,True,1.0,-1.0,0.0,59,0.976036548614502,0.976036548614502,0.001,0,0.0,0,0.0,5.744485294117647e-06,2.2977941176470588e-05,3.1135110294117656e-05,3.41337316176471e-05,3.446691176470588e-05
test_07,drive,rgb,True,True,2.019878625869751,0.0,2.019878625869751,118,1.9899485111236572,0.9851822211677664,0.001,1.939568281173706,0.9746826464763638,1,0.5025255650636576,0.03346737132352941,0.059489028033088226,0.06262884880514706,0.06875778377757359,0.06955422794117647
test_07,brake,rgb,True,True,0.9900259971618652,2.019878625869751,3.009904623031616,58,0.9681253433227539,0.9778787083350391,0.001,0.47002077102661133,0.4854957824091541,2,2.065848202192182,0.0003705193014705883,0.07040153952205883,0.09851671645220587,0.11517566061580897,0.1170266544117647
test_07,pre_drive,evs,True,True,1.0,-1.0,0.0,998,0.9970998744964596,0.9970998744964596,20.0,0,0.0,0,0.0,0.0,0.0,1.0,1.0030000000001564,2.0
test_07,drive,evs,True,True,2.019878625869751,0.0,2.019878625869751,2017,2.0169785003662106,0.9985642080338903,20.0,1.8969785003662132,0.9405050673677435,14,6.941075473763406,176.0,1932.9999999999964,2934.879999999999,3704.680000000003,3811.0
test_07,brake,evs,True,True,0.9900259971618652,2.019878625869751,3.009904623031616,989,0.9880044975280757,0.9979581347968794,20.0,0.39899999999999736,0.40384431548466626,7,7.084987990959104,1.0,3366.6,7220.4800000000005,9875.352000000012,10069.0
test_11,pre_drive,rgb,True,True,1.0,-1.0,0.0,58,0.972116231918335,0.972116231918335,0.001,0,0.0,0,0.0,5.744485294117647e-06,1.809512867647058e-05,2.5448069852941175e-05,2.8394990808823556e-05,2.8722426470588235e-05
test_11,drive,rgb,True,True,1.9983792304992676,0.0,1.9983792304992676,119,1.9814338684082031,0.9915204472542327,0.001,1.9311647415161133,0.9746299244735965,1,0.5046850242866576,0.02995749080882353,0.06330882352941175,0.07429859834558822,0.07711471737132357,0.07742991727941176
test_11,brake,rgb,True,True,1.0099520683288574,1.9983792304992676,3.008331298828125,59,0.97933030128479,0.9696799798680185,0.001,0.4029102325439453,0.4114140367303704,3,3.0633178571767665,3.446691176470588e-05,0.06957605698529411,0.07406261488970589,0.07592475873161766,0.07613166360294117
test_11,pre_drive,evs,True,True,1.0,-1.0,0.0,998,0.9975470924377436,0.9975470924377436,20.0,0,0.0,0,0.0,0.0,0.0,1.0,2.0,2.0
test_11,drive,evs,True,True,1.9983792304992676,0.0,1.9983792304992676,1996,1.9959263229370094,0.9987725515133354,20.0,1.8619263229370162,0.9328632532874199,17,8.517348463536704,128.5,3568.75,4656.65,5887.93500000002,6148.0
test_11,brake,evs,True,True,1.0099520683288574,1.9983792304992676,3.008331298828125,1008,1.0078783912658693,0.9979467569521201,20.0,0.3189999999999884,0.3165064384397929,14,13.89056469641775,0.0,3404.649999999997,5408.779999999988,8565.950000000024,9014.0
test_12,pre_drive,rgb,True,True,1.0,-1.0,0.0,58,0.969968318939209,0.969968318939209,0.001,0,0.0,0,0.0,5.744485294117647e-06,2.2977941176470588e-05,3.9407169117647055e-05,4.530101102941182e-05,4.5955882352941176e-05
test_12,drive,rgb,True,True,2.01975417137146,0.0,2.01975417137146,120,2.0009539127349854,0.9906918084869166,0.001,1.9338829517364502,0.9664805068364319,1,0.499761635505717,0.03138786764705882,0.06785931755514706,0.07802786075367647,0.08658174977022072,0.08772403492647059
test_12,brake,rgb,True,True,0.9803371429443359,2.01975417137146,3.000091314315796,57,0.9525864124298096,0.971692666431897,0.001,0.4172360897064209,0.43800340238126645,4,4.1990941166135265,6.318933823529412e-05,0.056750919117647014,0.0737798713235294,0.07563281250000001,0.07583869485294117
test_12,pre_drive,evs,True,True,1.0,-1.0,0.0,998,0.9973892536163333,0.9973892536163333,20.0,0,0.0,0,0.0,0.0,0.0,1.0,1.0,1.0
test_12,drive,evs,True,True,2.01975417137146,0.0,2.01975417137146,2018,2.0171434249877933,0.9987073939885002,20.0,1.8921434249877915,0.9380311789179006,19,9.419260804478977,175.0,3831.8499999999976,5326.8099999999995,5981.150000000009,6057.0
test_12,brake,evs,True,True,0.9803371429443359,2.01975417137146,3.000091314315796,978,0.9774805679321297,0.9970861299780738,20.0,0.349000000000002,0.35704034581302735,17,17.391650082582895,0.0,3849.15,6090.790000000001,8612.541000000008,8678.0
test_13,pre_drive,rgb,True,True,1.0,-1.0,0.0,57,0.9713096618652344,0.9713096618652344,0.001,0,0.0,0,0.0,5.744485294117647e-06,2.2977941176470588e-05,2.550551470588234e-05,2.8400735294117662e-05,2.8722426470588235e-05
test_13,drive,rgb,True,True,1.9998881816864014,0.0,1.9998881816864014,119,1.9822161197662354,0.9911634749972551,0.001,1.8983221054077148,0.9576766561819635,1,0.5044858580395012,0.02978515625,0.0660161994485294,0.07511224724264703,0.08169897748161778,0.08252527573529411
test_13,brake,rgb,True,True,1.0203065872192383,1.9998881816864014,3.0201947689056396,59,0.9906575679779053,0.9709410684859549,0.001,0.43573832511901855,0.43984757115259515,3,3.0282916084954485,0.0001091452205882353,0.05184168198529411,0.061072610294117674,0.07023639705882366,0.0712545955882353
test_13,pre_drive,evs,True,True,1.0,-1.0,0.0,998,0.9979232597351064,0.9979232597351064,20.0,0,0.0,0,0.0,0.0,0.0,1.0,1.0,1.0
test_13,drive,evs,True,True,1.9998881816864014,0.0,1.9998881816864014,1998,1.9978114414215078,0.9989615718099087,20.0,1.8808114414215087,0.9414359145341815,13,6.507120607313209,133.0,4005.349999999996,4646.42,4968.075000000004,5058.0
test_13,brake,evs,True,True,1.0203065872192383,1.9998881816864014,3.0201947689056396,1019,1.018118028640746,0.9978549990699787,20.0,0.3299999999999983,0.3241274495851623,12,11.786452712187783,0.0,2394.2,4259.939999999986,7285.4340000000075,7460.0
test_14,pre_drive,rgb,True,True,1.0,-1.0,0.0,59,0.9739046096801758,0.9739046096801758,0.001,0,0.0,0,0.0,5.744485294117647e-06,1.321231617647049e-05,3.446691176470588e-05,3.446691176470588e-05,3.446691176470588e-05
test_14,drive,rgb,True,True,2.010021209716797,0.0,2.010021209716797,118,1.9782304763793945,0.9841838816507407,0.001,1.9277830123901367,0.9744986923457029,1,0.5055022718233643,0.031132238051470588,0.05148897058823529,0.05844789751838235,0.06117002527573532,0.06148322610294118
test_14,brake,rgb,True,True,1.010005235671997,2.010021209716797,3.020026445388794,60,0.9933083057403564,0.9834684719029883,0.001,0.43563127517700195,0.4385660249284906,2,2.013473549392413,0.00011201746323529413,0.04287626378676469,0.06341607306985285,0.07765192440257379,0.07923368566176471
test_14,pre_drive,evs,True,True,1.0,-1.0,0.0,998,0.997142892837525,0.997142892837525,20.0,0,0.0,0,0.0,0.0,0.0,1.0,1.0030000000001564,2.0
test_14,drive,evs,True,True,2.010021209716797,0.0,2.010021209716797,2008,2.007164102554322,0.9985785686495927,20.0,1.8681641025543243,0.9307480639858465,21,10.46252270717444,152.0,2092.6499999999996,2885.880000000001,3084.965000000001,3197.0
test_14,brake,evs,True,True,1.010005235671997,2.010021209716797,3.020026445388794,1008,1.0071693382263192,0.9971921953020461,20.0,0.3480000000000043,0.3455228299670555,13,12.907462038999041,0.0,1735.199999999999,4714.939999999997,7126.230000000018,7245.0
test_15,pre_drive,rgb,True,True,1.0,-1.0,0.0,57,0.97076416015625,0.97076416015625,0.001,0,0.0,0,0.0,5.744485294117647e-06,2.2977941176470588e-05,3.0560661764705845e-05,3.924632352941181e-05,4.021139705882353e-05
test_15,drive,rgb,True,True,2.009537696838379,0.0,2.009537696838379,120,2.0043675899505615,0.99742721577408,0.001,1.9241950511932373,0.9600010800617158,1,0.49891048179673736,0.029529526654411765,0.052328239889705884,0.06043077895220589,0.06555960477941183,0.06619944852941176
test_15,brake,rgb,True,True,1.000056505203247,2.009537696838379,3.009594202041626,58,0.9761874675750732,0.976132311020443,0.001,0.39907073974609375,0.40880543235964395,2,2.048786802158153,2.0105698529411764e-05,0.05034897748161764,0.059610006893382354,0.06561288488051477,0.06627987132352942
test_15,pre_drive,evs,True,True,1.0,-1.0,0.0,998,0.9972656555175785,0.9972656555175785,20.0,0,0.0,0,0.0,0.0,0.0,1.0,1.0,1.0
test_15,drive,evs,True,True,2.009537696838379,0.0,2.009537696838379,2007,2.0068033523559574,0.9986393166514251,20.0,1.894803352355952,0.9441898480643263,16,7.972878847953008,138.0,1875.3999999999996,3051.4600000000005,4400.982,4520.0
test_15,brake,evs,True,True,1.000056505203247,2.009537696838379,3.009594202041626,998,0.9978598575592041,0.9978034764709656,20.0,0.33199999999999896,0.3327120511812963,13,13.027881522159234,0.0,1224.1999999999994,4261.389999999997,6278.159000000009,6331.0
test_16,pre_drive,rgb,True,True,1.0,-1.0,0.0,58,0.9688231945037842,0.9688231945037842,0.001,0,0.0,0,0.0,5.744485294117647e-06,2.9584099264705874e-05,3.6937040441176465e-05,3.988396139705885e-05,4.021139705882353e-05
test_16,drive,rgb,True,True,2.0199902057647705,0.0,2.0199902057647705,120,1.9996256828308105,0.9899185041215336,0.001,1.9319672584533691,0.9661644551986053,1,0.5000935968097437,0.02803596047794118,0.04715935202205882,0.05475631893382353,0.059577533318014776,0.060190716911764704
test_16,brake,rgb,True,True,1.0000431537628174,2.0199902057647705,3.020033359527588,58,0.971210241317749,0.9711683317499049,0.001,0.38318848609924316,0.39454741084621253,2,2.059286357283854,2.8722426470588235e-05,0.051669347426470585,0.07097690716911764,0.07174900045955883,0.07183478860294118
test_16,pre_drive,evs,True,True,1.0,-1.0,0.0,998,0.9972027606964105,0.9972027606964105,20.0,0,0.0,0,0.0,0.0,0.0,1.0,1.0030000000001564,2.0
test_16,drive,evs,True,True,2.0199902057647705,0.0,2.0199902057647705,2018,2.017192966461181,0.9986152213532489,20.0,1.8741929664611838,0.9291094097701192,11,5.45312232537555,117.0,1647.2999999999997,2204.619999999999,3451.7590000000127,3553.0
test_16,brake,evs,True,True,1.0000431537628174,2.0199902057647705,3.020033359527588,998,0.9972361202239988,0.9971930875900138,20.0,0.34099999999999575,0.34194509513293647,14,14.038801559710178,0.0,1166.4999999999998,4310.939999999997,6399.387000000021,6528.0
