session,method,candidate,start_relative_time_s,end_relative_time_s,end_reason,minus_onset_ms,pair_tile_a,pair_tile_b,selected_background_model,score_s
popout-0928-static_01,rgb,1,11.81830096244812,12.690081119537354,below_release,66.51782989501953,161,162,pre_drive,0.2318625314548155
popout-0928-static_01,evs,1,11.781228643417359,12.674228643417358,below_release,29.445510864258395,162,182,drive,0.0611882777904104
popout-0928-static_02,rgb,1,11.397549390792847,12.235710144042969,below_release,50.31132698059082,161,162,pre_drive,0.2068995726568378
popout-0928-static_02,evs,1,11.365412311553955,12.258412311553954,below_release,18.17424774169929,162,182,drive,0.061885224926412914
popout-0928-static_03,rgb,1,10.443723201751709,11.231708288192749,below_release,50.37856101989746,161,162,pre_drive,0.20948029557320652
popout-0928-static_03,evs,1,10.414929935455323,11.260929935455323,below_release,21.58529472351134,162,182,drive,0.06125624434360212
popout-0928-static_04,rgb,1,10.175522565841675,11.080738067626953,below_release,67.11030006408691,176,177,pre_drive,0.25039546247971833
popout-0928-static_04,evs,1,10.17334755897522,11.05734755897522,below_release,64.9352931976317,177,197,drive,0.062056243134580184
popout-0928-static_05,rgb,1,9.538329362869263,10.477339029312134,below_release,66.94722175598145,176,177,pre_drive,0.21045416355579757
popout-0928-static_05,evs,1,9.549939714431762,10.466939714431764,below_release,78.55757331848068,176,177,drive,0.062173893268105025
popout-0928-static_06,rgb,1,12.271175384521484,13.159541368484497,below_release,67.23475456237793,176,177,pre_drive,0.22079573268570052
popout-0928-static_06,evs,1,12.249049579620362,13.139049579620362,below_release,45.10894966125534,177,197,drive,0.061720041312565484
popout-0928-static-100,rgb,1,12.235148906707764,12.721152067184448,below_release,50.29439926147461,162,163,pre_drive,0.22023218148527351
popout-0928-static-100,evs,1,12.208542539596557,12.704542539596558,below_release,23.688032150268157,162,182,drive,0.06121182838039172
popout-0928-static-100_01,rgb,1,9.687373876571655,10.140209197998047,below_release,50.29106140136719,162,163,pre_drive,0.25036837403415724
popout-0928-static-100_01,evs,1,9.64691675567627,10.15891675567627,below_release,9.833940505981076,162,182,drive,0.06324713496598716
popout-0928-static-100_02,rgb,1,11.751045942306519,12.22047472000122,below_release,33.58936309814453,162,163,pre_drive,0.2201423232152617
popout-0928-static-100_02,evs,1,11.727442390441894,12.205442390441895,below_release,9.985811233519826,162,182,drive,0.06444299005411264
popout-0928-static-100_03,rgb,1,11.604918718338013,12.090955018997192,below_release,33.13422203063965,176,177,pre_drive,0.21804041772633642
popout-0928-static-100_03,evs,1,11.603408111572266,12.089408111572265,below_release,31.62361526489299,176,177,drive,0.06537251221131242
popout-0928-static-100_04,rgb,1,10.8457510471344,11.331953048706055,below_release,33.489227294921875,176,177,pre_drive,0.2196815222807277
popout-0928-static-100_04,evs,1,10.845705108642578,11.32770510864258,below_release,33.44328880310066,176,177,drive,0.06550311623855967
popout-0928-static-100_05,rgb,1,11.78455638885498,12.254459381103516,below_release,50.310373306274414,176,177,pre_drive,0.21732035724791135
popout-0928-static-100_05,evs,1,11.775615438461305,12.256615438461303,below_release,41.36942291259871,176,177,drive,0.06175953800271684
