session,condition,transmitter_limit,rgb_candidate_minus_onset_ms,evs_candidate_minus_onset_ms,rgb_minus_evs_candidate_ms
popout-0928-static_01,left,20pct,66.51782989501953,29.445510864258395,37.072319030761136
popout-0928-static_02,left,20pct,50.31132698059082,18.17424774169929,32.13707923889153
popout-0928-static_03,left,20pct,50.37856101989746,21.58529472351134,28.793266296386122
popout-0928-static_04,right,20pct,67.11030006408691,64.9352931976317,2.1750068664552202
popout-0928-static_05,right,20pct,66.94722175598145,78.55757331848068,-11.610351562499233
popout-0928-static_06,right,20pct,67.23475456237793,45.10894966125534,22.125804901122592
popout-0928-static-100,left,100pct,50.29439926147461,23.688032150268157,26.606367111206453
popout-0928-static-100_01,left,100pct,50.29106140136719,9.833940505981076,40.45712089538611
popout-0928-static-100_02,left,100pct,33.58936309814453,9.985811233519826,23.603551864624706
popout-0928-static-100_03,right,100pct,33.13422203063965,31.62361526489299,1.5106067657466582
popout-0928-static-100_04,right,100pct,33.489227294921875,33.44328880310066,0.04593849182121801
popout-0928-static-100_05,right,100pct,50.310373306274414,41.36942291259871,8.940950393675706
