session,method,candidate,start_relative_time_s,start_from_drive_s,end_from_drive_s,end_reason,minus_onset_ms,pair_tile_a,pair_tile_b,background_phase,score_s
test_01,rgb,1,13.35837721824646,0.25882530212402344,0.3767731189727783,below_release,-1290.91477394104,63,83,drive,0.2429460229332005
test_01,rgb,2,14.951165676116943,1.8516137599945068,2.2036519050598145,below_release,301.87368392944336,77,78,drive,0.26003413801182906
test_01,rgb,3,15.571281909942627,2.4717299938201904,2.890824556350708,below_release,921.989917755127,175,176,pre_drive,0.1993977708089219
test_01,evs,1,14.76399295425415,1.664441038131713,2.8264410381317138,below_release,114.70096206664948,160,180,drive,0.06118510917935006
test_05,evs,1,12.877008237838744,1.6358969593048087,2.5258969593048093,below_release,105.09590148925696,177,178,drive,0.061028662494459554
test_11,rgb,1,16.44133424758911,0.2517204284667969,0.43611764907836914,below_release,-1441.718578338623,63,83,drive,0.207753816496839
test_11,rgb,2,18.0425968170166,1.852982997894287,2.1629726886749268,below_release,159.5439910888672,183,184,drive,0.20333946002542122
test_11,evs,1,17.89606672668457,1.7064529075622552,2.2344529075622575,below_release,13.013900756835284,160,180,drive,0.06168403153407516
test_14,rgb,1,9.499337673187256,0.2835862636566162,0.3505246639251709,below_release,-1362.7889156341553,63,83,drive,0.21112321340510043
test_14,evs,1,10.892608516693116,1.6768571071624763,2.2088571071624763,below_release,30.481927871704784,177,197,drive,0.061084996068080905
