threshold_margin,session,method,candidate,start_relative_time_s,start_from_drive_s,end_from_drive_s,end_reason,minus_onset_ms,pair_tile_a,pair_tile_b,background_phase,score_s
1.1,test_01,rgb,1,13.224218130111694,0.12466621398925781,0.3927757740020752,below_release,-1425.0738620758057,63,83,drive,0.13303581759719335
1.1,test_01,rgb,2,14.531935214996338,1.4323832988739014,2.907747983932495,below_release,-117.35677719116211,195,196,drive,0.11401687615718761
1.1,test_01,evs,1,13.18799295425415,0.08844103813171422,0.1424410381317145,below_release,-1461.2990379333492,82,83,drive,0.036971130495975266
1.1,test_01,evs,2,14.51199295425415,1.412441038131714,1.4744410381317152,below_release,-137.2990379333494,140,160,drive,0.03393735878794577
1.1,test_01,evs,3,14.715992954254151,1.6164410381317147,2.842441038131714,below_release,66.70096206665121,160,180,drive,0.03493907452246167
1.1,test_05,rgb,1,11.380412101745605,0.13930082321166992,0.4093642234802246,below_release,-1391.5002346038818,63,83,drive,0.11987836192230056
1.1,test_05,rgb,2,13.057025671005249,1.8159143924713135,1.9836223125457764,below_release,285.1133346557617,195,196,drive,0.12337373705916874
1.1,test_05,rgb,3,13.576902151107788,2.3357908725738525,2.5039572715759277,below_release,804.9898147583008,163,164,drive,0.11250153779284001
1.1,test_05,evs,1,12.855008237838746,1.6138969593048103,2.5348969593048096,below_release,83.0959014892585,177,178,drive,0.035192776629288894
1.1,test_11,rgb,1,16.2904314994812,0.10081768035888672,0.452791690826416,below_release,-1592.6213264465332,63,83,drive,0.11164469477787818
1.1,test_11,rgb,2,17.849745750427246,1.6601319313049316,2.1798136234283447,below_release,-33.30707550048828,96,97,drive,0.11046501179514803
1.1,test_11,rgb,3,18.671069145202637,2.4814553260803223,2.51485013961792,below_release,788.0163192749023,163,164,pre_drive,0.11528836539908398
1.1,test_11,evs,1,16.26506672668457,0.07545290756225498,0.1304529075622547,below_release,-1617.986099243165,82,83,drive,0.036088803146216424
1.1,test_11,evs,2,17.66306672668457,1.4734529075622547,1.5264529075622555,below_release,-219.98609924316526,140,160,drive,0.0343510052250755
1.1,test_11,evs,3,17.887066726684573,1.6974529075622584,2.262452907562256,below_release,4.0139007568384955,160,180,drive,0.03490688708122664
1.1,test_14,rgb,1,9.348520517349243,0.13276910781860352,0.4009284973144531,below_release,-1513.606071472168,63,83,drive,0.1392048115930403
1.1,test_14,rgb,2,11.561352014541626,2.3456006050109863,2.446079730987549,below_release,699.2254257202148,140,141,pre_drive,0.14326757606509527
1.1,test_14,evs,1,9.338608516693116,0.122857107162476,0.1488571071624758,below_release,-1523.5180721282954,82,83,drive,0.03407298227301789
1.1,test_14,evs,2,10.820608516693115,1.6048571071624753,1.6318571071624746,below_release,-41.51807212829617,140,160,drive,0.03353520458987893
1.1,test_14,evs,3,10.878608516693117,1.662857107162477,2.2308571071624748,below_release,16.481927871705437,177,197,drive,0.035174395769353654
1.5,test_01,rgb,1,13.308001518249512,0.2084496021270752,0.3767731189727783,below_release,-1341.2904739379883,63,83,drive,0.16908362515184688
1.5,test_01,rgb,2,14.665822267532349,1.566270351409912,2.907747983932495,below_release,16.530275344848633,95,96,drive,0.15024080609512547
1.5,test_01,evs,1,14.72899295425415,1.6294410381317128,2.8344410381317147,below_release,79.70096206664934,160,180,drive,0.04582864173344373
1.5,test_05,rgb,1,11.514621496200562,0.273510217666626,0.3927617073059082,below_release,-1257.2908401489258,63,83,drive,0.16792833696608822
1.5,test_05,rgb,2,13.593383073806763,2.352271795272827,2.4866440296173096,below_release,821.4707374572754,162,163,pre_drive,0.17599474495681558
1.5,test_05,evs,1,12.859008237838745,1.6178969593048098,2.53089695930481,below_release,87.09590148925805,177,178,drive,0.04592101751091959
1.5,test_11,rgb,1,16.32391858100891,0.13430476188659668,0.43611764907836914,below_release,-1559.1342449188232,63,83,drive,0.15054338282198815
1.5,test_11,rgb,2,18.020188093185425,1.8305742740631104,2.1798136234283447,below_release,137.13526725769043,183,184,drive,0.15628085926805843
1.5,test_11,evs,1,17.89106672668457,1.7014529075622562,2.2584529075622584,below_release,8.013900756836279,160,180,drive,0.04688481250363753
1.5,test_14,rgb,1,9.465521812438965,0.2497704029083252,0.36693453788757324,below_release,-1396.6047763824463,63,83,drive,0.160396554791281
1.5,test_14,evs,1,10.886608516693116,1.670857107162476,2.2208571071624768,below_release,24.481927871704556,177,197,drive,0.0475688055725799
2.0,test_01,rgb,1,13.35837721824646,0.25882530212402344,0.3767731189727783,below_release,-1290.91477394104,63,83,drive,0.2429460229332005
2.0,test_01,rgb,2,14.951165676116943,1.8516137599945068,2.2036519050598145,below_release,301.87368392944336,77,78,drive,0.26003413801182906
2.0,test_01,rgb,3,15.571281909942627,2.4717299938201904,2.890824556350708,below_release,921.989917755127,175,176,pre_drive,0.1993977708089219
2.0,test_01,evs,1,14.76399295425415,1.664441038131713,2.8264410381317138,below_release,114.70096206664948,160,180,drive,0.06118510917935006
2.0,test_05,evs,1,12.877008237838744,1.6358969593048087,2.5258969593048093,below_release,105.09590148925696,177,178,drive,0.061028662494459554
2.0,test_11,rgb,1,16.44133424758911,0.2517204284667969,0.43611764907836914,below_release,-1441.718578338623,63,83,drive,0.207753816496839
2.0,test_11,rgb,2,18.0425968170166,1.852982997894287,2.1629726886749268,below_release,159.5439910888672,183,184,drive,0.20333946002542122
2.0,test_11,evs,1,17.89606672668457,1.7064529075622552,2.2344529075622575,below_release,13.013900756835284,160,180,drive,0.06168403153407516
2.0,test_14,rgb,1,9.499337673187256,0.2835862636566162,0.3505246639251709,below_release,-1362.7889156341553,63,83,drive,0.21112321340510043
2.0,test_14,evs,1,10.892608516693116,1.6768571071624763,2.2088571071624763,below_release,30.481927871704784,177,197,drive,0.061084996068080905
3.0,test_01,rgb,1,14.967758655548096,1.8682067394256592,2.1867949962615967,below_release,318.4666633605957,77,78,drive,0.29798340526564027
3.0,test_01,rgb,2,15.604877471923828,2.5053255558013916,2.874009132385254,below_release,955.5854797363281,176,177,pre_drive,0.316961081795708
3.0,test_01,evs,1,14.83099295425415,1.7314410381317131,2.813441038131714,below_release,181.70096206664965,181,182,drive,0.09462938213905618
3.0,test_05,evs,1,12.905008237838747,1.663896959304811,2.516896959304809,below_release,133.0959014892592,177,178,drive,0.09197839923520121
3.0,test_11,rgb,1,18.101131677627563,1.911517858505249,2.146083354949951,below_release,218.0788516998291,78,79,drive,0.32859478803788106
3.0,test_11,evs,1,17.90606672668457,1.7164529075622568,2.2124529075622554,below_release,23.013900756836847,160,180,drive,0.09306266842359631
3.0,test_14,evs,1,10.920608516693115,1.704857107162475,2.194857107162477,below_release,58.481927871703476,176,177,drive,0.09146979437921338
