threshold_margin,session,method,status,samples,ready_samples,threshold_s,candidates,drive_candidates,drive_ready_seconds,drive_active_seconds,first_candidate_from_drive_s,rgb_first_visible_from_drive_s,first_candidate_minus_onset_ms,candidates_before_guard,candidates_onset_to_250ms,max_score_s,pre_onset_max_score_s,onset_to_250ms_max_score_s
1.1,t_0.2-none,rgb,complete,741,741,0.10870968365350744,0,0,2.010078191757202,0.0,,,,,,0.09882698513955221,,
1.1,t_0.2-none,evs,complete,12506,12506,0.03349653406739182,0,0,2.010078191757202,0.0,,,,,,0.030451394606719834,,
1.1,test_01,rgb,complete,687,687,0.10870968365350744,2,2,2.010030508041382,0.8457567691802979,0.12466621398925781,1.5497400760650635,-1425.0738620758057,2,0,0.44875245261666347,0.2886608074319382,0.15259534149036788
1.1,test_01,evs,complete,11533,11533,0.03349653406739182,3,3,2.010030508041382,0.5095894699096686,0.08844103813171422,1.5497400760650635,-1461.2990379333492,2,1,0.4091808800994356,0.041573198978050487,0.21845499241098656
1.1,test_05,rgb,complete,543,543,0.10870968365350744,3,2,2.010045289993286,0.4377713203430176,0.13930082321166992,1.5308010578155518,-1391.5002346038818,1,0,0.19093701472872388,0.19093701472872388,0.10081547776281347
1.1,test_05,evs,complete,9120,9120,0.03349653406739182,1,1,2.010045289993286,0.3961483306884759,1.6138969593048103,1.5308010578155518,83.0959014892585,0,1,0.3974411729393726,0.01497506932613502,0.19201130469716488
1.1,test_11,rgb,complete,663,663,0.10870968365350744,3,2,1.9983792304992676,0.6902213096618652,0.10081768035888672,1.69343900680542,-1592.6213264465332,2,0,0.43841778155816336,0.25783714175524686,0.36315232637448336
1.1,test_11,evs,complete,11130,11130,0.03349653406739182,3,3,1.9983792304992676,0.4089263229370097,0.07545290756225498,1.69343900680542,-1617.986099243165,2,1,0.3665991248814146,0.039257686823571065,0.3665991248814146
1.1,test_14,rgb,complete,384,384,0.10870968365350744,2,1,2.010021209716797,0.2681593894958496,0.13276910781860352,1.6463751792907715,-1513.606071472168,1,0,0.23612584002109688,0.23612584002109688,0.08532114202942283
1.1,test_14,evs,complete,6453,6453,0.03349653406739182,3,3,2.010021209716797,0.400164102554319,0.122857107162476,1.6463751792907715,-1523.5180721282954,2,1,0.32666854120693434,0.03894573670682185,0.306697755721635
1.5,t_0.2-none,rgb,complete,741,741,0.1482404777093283,0,0,2.010078191757202,0.0,,,,,,0.09882698513955221,,
1.5,t_0.2-none,evs,complete,12506,12506,0.04567709191007975,0,0,2.010078191757202,0.0,,,,,,0.030451394606719834,,
1.5,test_01,rgb,complete,687,687,0.1482404777093283,2,2,2.010030508041382,0.6120836734771729,0.2084496021270752,1.5497400760650635,-1341.2904739379883,1,1,0.44875245261666347,0.2886608074319382,0.15259534149036788
1.5,test_01,evs,complete,11533,11533,0.04567709191007975,1,1,2.010030508041382,0.380589469909669,1.6294410381317128,1.5497400760650635,79.70096206664934,0,1,0.4091808800994356,0.041573198978050487,0.21845499241098656
1.5,test_05,rgb,complete,543,543,0.1482404777093283,2,1,2.010045289993286,0.11925148963928223,0.273510217666626,1.5308010578155518,-1257.2908401489258,1,0,0.19093701472872388,0.19093701472872388,0.10081547776281347
1.5,test_05,evs,complete,9120,9120,0.04567709191007975,1,1,2.010045289993286,0.3921483306884763,1.6178969593048098,1.5308010578155518,87.09590148925805,0,1,0.3974411729393726,0.01497506932613502,0.19201130469716488
1.5,test_11,rgb,complete,663,663,0.1482404777093283,2,2,1.9983792304992676,0.4696178436279297,0.13430476188659668,1.69343900680542,-1559.1342449188232,1,1,0.43841778155816336,0.25783714175524686,0.36315232637448336
1.5,test_11,evs,complete,11130,11130,0.04567709191007975,1,1,1.9983792304992676,0.2969263229370114,1.7014529075622562,1.69343900680542,8.013900756836279,0,1,0.3665991248814146,0.039257686823571065,0.3665991248814146
1.5,test_14,rgb,complete,384,384,0.1482404777093283,1,1,2.010021209716797,0.11716413497924805,0.2497704029083252,1.6463751792907715,-1396.6047763824463,1,0,0.23612584002109688,0.23612584002109688,0.08532114202942283
1.5,test_14,evs,complete,6453,6453,0.04567709191007975,1,1,2.010021209716797,0.33916410255432083,1.670857107162476,1.6463751792907715,24.481927871704556,0,1,0.32666854120693434,0.03894573670682185,0.306697755721635
2.0,t_0.2-none,rgb,complete,741,741,0.19765397027910442,0,0,2.010078191757202,0.0,,,,,,0.09882698513955221,,
2.0,t_0.2-none,evs,complete,12506,12506,0.06090278921343967,0,0,2.010078191757202,0.0,,,,,,0.030451394606719834,,
2.0,test_01,rgb,complete,687,687,0.19765397027910442,3,2,2.010030508041382,0.2763645648956299,0.25882530212402344,1.5497400760650635,-1290.91477394104,1,0,0.44875245261666347,0.2886608074319382,0.15259534149036788
2.0,test_01,evs,complete,11533,11533,0.06090278921343967,1,1,2.010030508041382,0.3455894699096689,1.664441038131713,1.5497400760650635,114.70096206664948,0,1,0.4091808800994356,0.041573198978050487,0.21845499241098656
2.0,test_05,rgb,complete,543,543,0.19765397027910442,0,0,2.010045289993286,0.0,,1.5308010578155518,,0,0,0.19093701472872388,0.19093701472872388,0.10081547776281347
2.0,test_05,evs,complete,9120,9120,0.06090278921343967,1,1,2.010045289993286,0.3741483306884774,1.6358969593048087,1.5308010578155518,105.09590148925696,0,1,0.3974411729393726,0.01497506932613502,0.19201130469716488
2.0,test_11,rgb,complete,663,663,0.19765397027910442,2,2,1.9983792304992676,0.32979345321655273,0.2517204284667969,1.69343900680542,-1441.718578338623,1,1,0.43841778155816336,0.25783714175524686,0.36315232637448336
2.0,test_11,evs,complete,11130,11130,0.06090278921343967,1,1,1.9983792304992676,0.2919263229370124,1.7064529075622552,1.69343900680542,13.013900756835284,0,1,0.3665991248814146,0.039257686823571065,0.3665991248814146
2.0,test_14,rgb,complete,384,384,0.19765397027910442,1,1,2.010021209716797,0.06693840026855469,0.2835862636566162,1.6463751792907715,-1362.7889156341553,1,0,0.23612584002109688,0.23612584002109688,0.08532114202942283
2.0,test_14,evs,complete,6453,6453,0.06090278921343967,1,1,2.010021209716797,0.3331641025543206,1.6768571071624763,1.6463751792907715,30.481927871704784,0,1,0.32666854120693434,0.03894573670682185,0.306697755721635
3.0,t_0.2-none,rgb,complete,741,741,0.2964809554186566,0,0,2.010078191757202,0.0,,,,,,0.09882698513955221,,
3.0,t_0.2-none,evs,complete,12506,12506,0.0913541838201595,0,0,2.010078191757202,0.0,,,,,,0.030451394606719834,,
3.0,test_01,rgb,complete,687,687,0.2964809554186566,2,1,2.010030508041382,0.14182376861572266,1.8682067394256592,1.5497400760650635,318.4666633605957,0,0,0.44875245261666347,0.2886608074319382,0.15259534149036788
3.0,test_01,evs,complete,11533,11533,0.0913541838201595,1,1,2.010030508041382,0.2785894699096687,1.7314410381317131,1.5497400760650635,181.70096206664965,0,1,0.4091808800994356,0.041573198978050487,0.21845499241098656
3.0,test_05,rgb,complete,543,543,0.2964809554186566,0,0,2.010045289993286,0.0,,1.5308010578155518,,0,0,0.19093701472872388,0.19093701472872388,0.10081547776281347
3.0,test_05,evs,complete,9120,9120,0.0913541838201595,1,1,2.010045289993286,0.34614833068847517,1.663896959304811,1.5308010578155518,133.0959014892592,0,1,0.3974411729393726,0.01497506932613502,0.19201130469716488
3.0,test_11,rgb,complete,663,663,0.2964809554186566,1,1,1.9983792304992676,0.08686137199401855,1.911517858505249,1.69343900680542,218.0788516998291,0,1,0.43841778155816336,0.25783714175524686,0.36315232637448336
3.0,test_11,evs,complete,11130,11130,0.0913541838201595,1,1,1.9983792304992676,0.2819263229370108,1.7164529075622568,1.69343900680542,23.013900756836847,0,1,0.3665991248814146,0.039257686823571065,0.3665991248814146
3.0,test_14,rgb,complete,384,384,0.2964809554186566,0,0,2.010021209716797,0.0,,1.6463751792907715,,0,0,0.23612584002109688,0.23612584002109688,0.08532114202942283
3.0,test_14,evs,complete,6453,6453,0.0913541838201595,1,1,2.010021209716797,0.3051641025543219,1.704857107162475,1.6463751792907715,58.481927871703476,0,1,0.32666854120693434,0.03894573670682185,0.306697755721635
