candidate,snapshot,mapped_time_s,ocr_text,burned_rgb_time_s,burned_minus_mapped_ms
popout-0928-static_01/rgb_c001,before_onset,11.650476932525635,RGB t=11.650s,11.65,-0.47693252563441035
popout-0928-static_01/rgb_c001,onset_after,11.7517831325531,RGB t=11.752s,11.752,0.21686744690008197
popout-0928-static_01/rgb_c001,candidate_before,11.801915884017944,RGB t=11.802s,11.802,0.08411598205526616
popout-0928-static_01/rgb_c001,candidate_after,11.81830096244812,RGB t=11.818s,11.818,-0.3009624481205009
popout-0928-static_01/evs_c001,before_onset,11.650476932525635,RGB t=11.650s,11.65,-0.47693252563441035
popout-0928-static_01/evs_c001,onset_after,11.7517831325531,RGB t=11.752s,11.752,0.21686744690008197
popout-0928-static_01/evs_c001,candidate_before,11.76795220375061,RGB t=11.768s,11.768,0.04779624939033056
popout-0928-static_01/evs_c001,candidate_after,11.78463888168335,RGB t=11.785s,11.785,0.36111831665053273
popout-0928-static_02/rgb_c001,before_onset,11.246560335159302,RGB t=11.247s,11.247,0.4396648406981285
popout-0928-static_02/rgb_c001,onset_after,11.347238063812256,RGB t=11.347s,11.347,-0.23806381225632833
popout-0928-static_02/rgb_c001,candidate_before,11.380715608596802,RGB t=11.381s,11.381,0.28439140319846956
popout-0928-static_02/rgb_c001,candidate_after,11.397549390792847,RGB t=11.398s,11.398,0.4506092071530077
popout-0928-static_02/evs_c001,before_onset,11.246560335159302,RGB t=11.247s,11.247,0.4396648406981285
popout-0928-static_02/evs_c001,onset_after,11.347238063812256,RGB t=11.347s,11.347,-0.23806381225632833
popout-0928-static_02/evs_c001,candidate_before,11.36402416229248,RGB t=11.364s,11.364,-0.024162292479701364
popout-0928-static_02/evs_c001,candidate_after,11.380715608596802,RGB t=11.381s,11.381,0.28439140319846956
popout-0928-static_03/rgb_c001,before_onset,10.292774438858032,RGB t=10.293s,10.293,0.22556114196703447
popout-0928-static_03/rgb_c001,onset_after,10.393344640731812,RGB t=10.393s,10.393,-0.3446407318108413
popout-0928-static_03/rgb_c001,candidate_before,10.426974296569824,RGB t=10.427s,10.427,0.025703430175383346
popout-0928-static_03/rgb_c001,candidate_after,10.443723201751709,RGB t=10.444s,10.444,0.27679824829185407
popout-0928-static_03/evs_c001,before_onset,10.292774438858032,RGB t=10.293s,10.293,0.22556114196703447
popout-0928-static_03/evs_c001,onset_after,10.393344640731812,RGB t=10.393s,10.393,-0.3446407318108413
popout-0928-static_03/evs_c001,candidate_before,10.41010570526123,RGB t=10.410s,10.41,-0.10570526123032664
popout-0928-static_03/evs_c001,candidate_after,10.426974296569824,RGB t=10.427s,10.427,0.025703430175383346
popout-0928-static_04/rgb_c001,before_onset,10.007823467254639,RGB t=10.008s,10.008,0.17653274536044705
popout-0928-static_04/rgb_c001,onset_after,10.108412265777588,RGB t=10.108s,10.108,-0.4122657775873506
popout-0928-static_04/rgb_c001,candidate_before,10.158695697784424,RGB t=10.159s,10.159,0.3043022155768682
popout-0928-static_04/rgb_c001,candidate_after,10.175522565841675,RGB t=10.176s,10.176,0.47743415832535163
popout-0928-static_04/evs_c001,before_onset,10.007823467254639,RGB t=10.008s,10.008,0.17653274536044705
popout-0928-static_04/evs_c001,onset_after,10.108412265777588,RGB t=10.108s,10.108,-0.4122657775873506
popout-0928-static_04/evs_c001,candidate_before,10.158695697784424,RGB t=10.159s,10.159,0.3043022155768682
popout-0928-static_04/evs_c001,candidate_after,10.175522565841675,RGB t=10.176s,10.176,0.47743415832535163
popout-0928-static_05/rgb_c001,before_onset,9.370725154876709,RGB t=9.371s,9.371,0.27484512329145616
popout-0928-static_05/rgb_c001,onset_after,9.471382141113281,RGB t=9.471s,9.471,-0.38214111328116473
popout-0928-static_05/rgb_c001,candidate_before,9.521588325500488,RGB t=9.522s,9.522,0.41167449951196033
popout-0928-static_05/rgb_c001,candidate_after,9.538329362869263,RGB t=9.538s,9.538,-0.3293628692624395
popout-0928-static_05/evs_c001,before_onset,9.370725154876709,RGB t=9.371s,9.371,0.27484512329145616
popout-0928-static_05/evs_c001,onset_after,9.471382141113281,RGB t=9.471s,9.471,-0.38214111328116473
popout-0928-static_05/evs_c001,candidate_before,9.538329362869263,RGB t=9.538s,9.538,-0.3293628692624395
popout-0928-static_05/evs_c001,candidate_after,9.555124044418335,RGB t=9.555s,9.555,-0.12404441833524515
popout-0928-static_06/rgb_c001,before_onset,12.10361647605896,RGB t=12.104s,12.104,0.38352394103924325
popout-0928-static_06/rgb_c001,onset_after,12.203940629959106,RGB t=12.204s,12.204,0.059370040894179965
popout-0928-static_06/rgb_c001,candidate_before,12.25492238998413,RGB t=12.255s,12.255,0.07761001586992222
popout-0928-static_06/rgb_c001,candidate_after,12.271175384521484,RGB t=12.271s,12.271,-0.1753845214835792
popout-0928-static_06/evs_c001,before_onset,12.10361647605896,RGB t=12.104s,12.104,0.38352394103924325
popout-0928-static_06/evs_c001,onset_after,12.203940629959106,RGB t=12.204s,12.204,0.059370040894179965
popout-0928-static_06/evs_c001,candidate_before,12.237443685531616,RGB t=12.237s,12.237,-0.44368553161611146
popout-0928-static_06/evs_c001,candidate_after,12.25492238998413,RGB t=12.255s,12.255,0.07761001586992222
popout-0928-static-100/rgb_c001,before_onset,12.084132194519043,RGB t=12.084s,12.084,-0.13219451904333823
popout-0928-static-100/rgb_c001,onset_after,12.184854507446289,RGB t=12.185s,12.185,0.14549255371143488
popout-0928-static-100/rgb_c001,candidate_before,12.218353033065796,RGB t=12.218s,12.218,-0.35303306579592686
popout-0928-static-100/rgb_c001,candidate_after,12.235148906707764,RGB t=12.235s,12.235,-0.1489067077642403
popout-0928-static-100/evs_c001,before_onset,12.084132194519043,RGB t=12.084s,12.084,-0.13219451904333823
popout-0928-static-100/evs_c001,onset_after,12.184854507446289,RGB t=12.185s,12.185,0.14549255371143488
popout-0928-static-100/evs_c001,candidate_before,12.201539993286133,RGB t=12.202s,12.202,0.46000671386714487
popout-0928-static-100/evs_c001,candidate_after,12.218353033065796,RGB t=12.218s,12.218,-0.35303306579592686
popout-0928-static-100_01/rgb_c001,before_onset,9.536514043807983,RGB t=9.537s,9.537,0.4859561920174116
popout-0928-static-100_01/rgb_c001,onset_after,9.637082815170288,RGB t=9.637s,9.637,-0.08281517028763119
popout-0928-static-100_01/rgb_c001,candidate_before,9.670613527297974,RGB t=9.671s,9.671,0.3864727020257419
popout-0928-static-100_01/rgb_c001,candidate_after,9.687373876571655,RGB t=9.687s,9.687,-0.3738765716558845
popout-0928-static-100_01/evs_c001,before_onset,9.536514043807983,RGB t=9.537s,9.537,0.4859561920174116
popout-0928-static-100_01/evs_c001,onset_after,9.637082815170288,RGB t=9.637s,9.637,-0.08281517028763119
popout-0928-static-100_01/evs_c001,candidate_before,9.637082815170288,RGB t=9.637s,9.637,-0.08281517028763119
popout-0928-static-100_01/evs_c001,candidate_after,9.653868675231934,RGB t=9.654s,9.654,0.13132476806632098
popout-0928-static-100_02/rgb_c001,before_onset,11.61690878868103,RGB t=11.617s,11.617,0.09121131897060764
popout-0928-static-100_02/rgb_c001,onset_after,11.717456579208374,RGB t=11.717s,11.717,-0.45657920837349764
popout-0928-static-100_02/rgb_c001,candidate_before,11.734289169311523,RGB t=11.734s,11.734,-0.2891693115234517
popout-0928-static-100_02/rgb_c001,candidate_after,11.751045942306519,RGB t=11.751s,11.751,-0.04594230651910891
popout-0928-static-100_02/evs_c001,before_onset,11.61690878868103,RGB t=11.617s,11.617,0.09121131897060764
popout-0928-static-100_02/evs_c001,onset_after,11.717456579208374,RGB t=11.717s,11.717,-0.45657920837349764
popout-0928-static-100_02/evs_c001,candidate_before,11.717456579208374,RGB t=11.717s,11.717,-0.45657920837349764
popout-0928-static-100_02/evs_c001,candidate_after,11.734289169311523,RGB t=11.734s,11.734,-0.2891693115234517
popout-0928-static-100_03/rgb_c001,before_onset,11.470633506774902,RGB t=11.471s,11.471,0.3664932250977415
popout-0928-static-100_03/rgb_c001,onset_after,11.571784496307373,RGB t=11.572s,11.572,0.2155036926261289
popout-0928-static-100_03/rgb_c001,candidate_before,11.588320016860962,RGB t=11.588s,11.588,-0.3200168609627241
popout-0928-static-100_03/rgb_c001,candidate_after,11.604918718338013,RGB t=11.605s,11.605,0.08128166198773101
popout-0928-static-100_03/evs_c001,before_onset,11.470633506774902,RGB t=11.471s,11.471,0.3664932250977415
popout-0928-static-100_03/evs_c001,onset_after,11.571784496307373,RGB t=11.572s,11.572,0.2155036926261289
popout-0928-static-100_03/evs_c001,candidate_before,11.588320016860962,RGB t=11.588s,11.588,-0.3200168609627241
popout-0928-static-100_03/evs_c001,candidate_after,11.604918718338013,RGB t=11.605s,11.605,0.08128166198773101
popout-0928-static-100_04/rgb_c001,before_onset,10.711688041687012,RGB t=10.712s,10.712,0.31195831298802545
popout-0928-static-100_04/rgb_c001,onset_after,10.812261819839478,RGB t=10.812s,10.812,-0.26181983947815013
popout-0928-static-100_04/rgb_c001,candidate_before,10.829023838043213,RGB t=10.829s,10.829,-0.023838043212265347
popout-0928-static-100_04/rgb_c001,candidate_after,10.8457510471344,RGB t=10.846s,10.846,0.2489528656006712
popout-0928-static-100_04/evs_c001,before_onset,10.711688041687012,RGB t=10.712s,10.712,0.31195831298802545
popout-0928-static-100_04/evs_c001,onset_after,10.812261819839478,RGB t=10.812s,10.812,-0.26181983947815013
popout-0928-static-100_04/evs_c001,candidate_before,10.829023838043213,RGB t=10.829s,10.829,-0.023838043212265347
popout-0928-static-100_04/evs_c001,candidate_after,10.8457510471344,RGB t=10.846s,10.846,0.2489528656006712
popout-0928-static-100_05/rgb_c001,before_onset,11.633992910385132,RGB t=11.634s,11.634,0.007089614868505123
popout-0928-static-100_05/rgb_c001,onset_after,11.734246015548706,RGB t=11.734s,11.734,-0.2460155487060689
popout-0928-static-100_05/rgb_c001,candidate_before,11.767929315567017,RGB t=11.768s,11.768,0.07068443298408056
popout-0928-static-100_05/rgb_c001,candidate_after,11.78455638885498,RGB t=11.785s,11.785,0.44361114501967336
popout-0928-static-100_05/evs_c001,before_onset,11.633992910385132,RGB t=11.634s,11.634,0.007089614868505123
popout-0928-static-100_05/evs_c001,onset_after,11.734246015548706,RGB t=11.734s,11.734,-0.2460155487060689
popout-0928-static-100_05/evs_c001,candidate_before,11.767929315567017,RGB t=11.768s,11.768,0.07068443298408056
popout-0928-static-100_05/evs_c001,candidate_after,11.78455638885498,RGB t=11.785s,11.785,0.44361114501967336
