session,method,candidate,condition,transmitter_limit,classification,time_class,candidate_recording_s,rgb_onset_recording_s,minus_onset_ms,pair_tile_a,pair_tile_b,pair_orientation,first_display_after_candidate_ms,review_basis,contact_sheet,note
popout-0928-static_01,rgb,1,left,20pct,vehicle_supported,onset_to_250ms,11.81830096244812,11.7517831325531,66.51782989501953,161,162,horizontal,0.0,contact_sheet_four_frames,popout-0928-static_01/rgb_c001/contact_sheet.png,左遮蔽物の右端から現れる車体前部が右タイルに重なる。左タイルには遮蔽物端も含まれる。
popout-0928-static_01,evs,1,left,20pct,vehicle_supported,onset_to_250ms,11.781228643417359,11.7517831325531,29.445510864258395,162,182,vertical,3.4102382659906283,contact_sheet_four_frames,popout-0928-static_01/evs_c001/contact_sheet.png,左遮蔽物から現れる車体とイベント輪郭が上タイルに重なり、輪郭下部が下タイルへ延びる。
popout-0928-static_02,rgb,1,left,20pct,vehicle_supported,onset_to_250ms,11.397549390792847,11.347238063812256,50.31132698059082,161,162,horizontal,0.0,contact_sheet_four_frames,popout-0928-static_02/rgb_c001/contact_sheet.png,左遮蔽物の右端から現れる車体前部が枠に重なる。左タイルは遮蔽物端も含む。
popout-0928-static_02,evs,1,left,20pct,vehicle_supported,onset_to_250ms,11.365412311553955,11.347238063812256,18.17424774169929,162,182,vertical,15.303297042846609,contact_sheet_four_frames,popout-0928-static_02/evs_c001/contact_sheet.png,車体前部に対応するイベント群が縦ペアの境界をまたぐ。RGB車体より下側にも広がる。
popout-0928-static_03,rgb,1,left,20pct,vehicle_supported,onset_to_250ms,10.443723201751709,10.393344640731812,50.37856101989746,161,162,horizontal,0.0,contact_sheet_four_frames,popout-0928-static_03/rgb_c001/contact_sheet.png,遮蔽物端から現れる車体前部と右タイルが重なる。
popout-0928-static_03,evs,1,left,20pct,vehicle_supported,onset_to_250ms,10.414929935455323,10.393344640731812,21.58529472351134,162,182,vertical,12.044361114501356,contact_sheet_four_frames,popout-0928-static_03/evs_c001/contact_sheet.png,候補前後で車体前部とイベント群が同じ場所に現れ、下タイルにも輪郭が広がる。
popout-0928-static_04,rgb,1,right,20pct,vehicle_supported,onset_to_250ms,10.175522565841675,10.108412265777588,67.11030006408691,176,177,horizontal,0.0,contact_sheet_four_frames,popout-0928-static_04/rgb_c001/contact_sheet.png,右遮蔽物の左端から現れる車体前部が横ペアに重なる。
popout-0928-static_04,evs,1,right,20pct,vehicle_supported,onset_to_250ms,10.17334755897522,10.108412265777588,64.9352931976317,177,197,vertical,2.1750068664552202,contact_sheet_four_frames,popout-0928-static_04/evs_c001/contact_sheet.png,右側の車体と上タイルが重なり、車体に沿うイベント下部が下タイルへ延びる。
popout-0928-static_05,rgb,1,right,20pct,vehicle_supported,onset_to_250ms,9.538329362869263,9.471382141113281,66.94722175598145,176,177,horizontal,0.0,contact_sheet_four_frames,popout-0928-static_05/rgb_c001/contact_sheet.png,右遮蔽物から現れる車体前部が横ペアに重なる。
popout-0928-static_05,evs,1,right,20pct,vehicle_supported,onset_to_250ms,9.549939714431762,9.471382141113281,78.55757331848068,176,177,horizontal,5.184329986573033,contact_sheet_four_frames,popout-0928-static_05/evs_c001/contact_sheet.png,車体前部のイベント群が横ペアに重なる。保存候補はRGBより11.610 ms遅い。
popout-0928-static_06,rgb,1,right,20pct,vehicle_supported,onset_to_250ms,12.271175384521484,12.203940629959106,67.23475456237793,176,177,horizontal,0.0,contact_sheet_four_frames,popout-0928-static_06/rgb_c001/contact_sheet.png,右遮蔽物から現れる車体前部が横ペアに重なる。
popout-0928-static_06,evs,1,right,20pct,vehicle_supported,onset_to_250ms,12.249049579620362,12.203940629959106,45.10894966125534,177,197,vertical,5.8728103637690765,contact_sheet_four_frames,popout-0928-static_06/evs_c001/contact_sheet.png,車体前部と上タイル、イベント輪郭下部と下タイルが重なる。
popout-0928-static-100,rgb,1,left,100pct,vehicle_supported,onset_to_250ms,12.235148906707764,12.184854507446289,50.29439926147461,162,163,horizontal,0.0,contact_sheet_four_frames,popout-0928-static-100/rgb_c001/contact_sheet.png,左側から現れる車体が横ペアに重なる。
popout-0928-static-100,evs,1,left,100pct,vehicle_supported,onset_to_250ms,12.208542539596557,12.184854507446289,23.688032150268157,162,182,vertical,9.81049346923868,contact_sheet_four_frames,popout-0928-static-100/evs_c001/contact_sheet.png,左遮蔽物から現れる車体前部のイベント群が縦ペアに重なる。
popout-0928-static-100_01,rgb,1,left,100pct,vehicle_supported,onset_to_250ms,9.687373876571655,9.637082815170288,50.29106140136719,162,163,horizontal,0.0,contact_sheet_four_frames,popout-0928-static-100_01/rgb_c001/contact_sheet.png,左遮蔽物から現れる車体が横ペアに重なる。解析時の同期設定を用いたtrial02。
popout-0928-static-100_01,evs,1,left,100pct,vehicle_supported,onset_to_250ms,9.64691675567627,9.637082815170288,9.833940505981076,162,182,vertical,6.951919555664432,contact_sheet_four_frames,popout-0928-static-100_01/evs_c001/contact_sheet.png,小さい車体前部とイベント群が縦ペアに重なる。解析時の同期設定を用いたtrial02。
popout-0928-static-100_02,rgb,1,left,100pct,vehicle_supported,onset_to_250ms,11.751045942306519,11.717456579208374,33.58936309814453,162,163,horizontal,0.0,contact_sheet_four_frames,popout-0928-static-100_02/rgb_c001/contact_sheet.png,左側から現れる車体前部が横ペアに重なる。
popout-0928-static-100_02,evs,1,left,100pct,vehicle_supported,onset_to_250ms,11.727442390441894,11.717456579208374,9.985811233519826,162,182,vertical,6.846778869629588,contact_sheet_four_frames,popout-0928-static-100_02/evs_c001/contact_sheet.png,車体前部のイベント群が縦ペアの境界をまたぐ。
popout-0928-static-100_03,rgb,1,right,100pct,vehicle_supported,onset_to_250ms,11.604918718338013,11.571784496307373,33.13422203063965,176,177,horizontal,0.0,contact_sheet_four_frames,popout-0928-static-100_03/rgb_c001/contact_sheet.png,右遮蔽物から現れる車体前部が横ペアに重なる。
popout-0928-static-100_03,evs,1,right,100pct,vehicle_supported,onset_to_250ms,11.603408111572266,11.571784496307373,31.62361526489299,176,177,horizontal,1.5106067657466582,contact_sheet_four_frames,popout-0928-static-100_03/evs_c001/contact_sheet.png,車体前部のイベント群が横ペアに重なる。RGB候補と同じ表示フレーム。
popout-0928-static-100_04,rgb,1,right,100pct,vehicle_supported,onset_to_250ms,10.8457510471344,10.812261819839478,33.489227294921875,176,177,horizontal,0.0,contact_sheet_four_frames,popout-0928-static-100_04/rgb_c001/contact_sheet.png,右遮蔽物から現れる車体前部が横ペアに重なる。
popout-0928-static-100_04,evs,1,right,100pct,vehicle_supported,onset_to_250ms,10.845705108642578,10.812261819839478,33.44328880310066,176,177,horizontal,0.04593849182121801,contact_sheet_four_frames,popout-0928-static-100_04/evs_c001/contact_sheet.png,車体前部のイベント群が横ペアに重なる。RGB候補との約0.046 ms差は映像では分離できない。
popout-0928-static-100_05,rgb,1,right,100pct,vehicle_supported,onset_to_250ms,11.78455638885498,11.734246015548706,50.310373306274414,176,177,horizontal,0.0,contact_sheet_four_frames,popout-0928-static-100_05/rgb_c001/contact_sheet.png,右遮蔽物から現れる車体前部が横ペアに重なる。
popout-0928-static-100_05,evs,1,right,100pct,vehicle_supported,onset_to_250ms,11.775615438461305,11.734246015548706,41.36942291259871,176,177,horizontal,8.940950393675706,contact_sheet_four_frames,popout-0928-static-100_05/evs_c001/contact_sheet.png,車体前部のイベント群が横ペアに重なる。RGB候補と同じ表示フレーム。
